source_file,week_start,week_end,status,selected_method,records_created,targets_detected,text_length,ambiguous_text_lines
2024\Weekly-Average-Prices-April-1-5-2024.pdf,2024-04-01,2024-04-05,success,ocr_row_aligned,23,24,0,0
2024\Weekly-Average-Prices-April-15-20-2024.pdf,2024-04-15,2024-04-20,success,pdfplumber,23,24,3200,0
2024\Weekly-Average-Prices-April-22-27-2024.pdf,2024-04-22,2024-04-27,success,pdfplumber,23,24,3203,0
2024\Weekly-Average-Prices-April-29-May-4-2024.pdf,2024-04-29,2024-05-04,success,pdfplumber,23,24,4155,0
2024\Weekly-Average-Prices-April-8-12-2024.pdf,2024-04-08,2024-04-12,success,ocr_row_aligned,23,24,0,0
2024\Weekly-Average-Prices-August-12-17-2024.pdf,2024-08-12,2024-08-17,success,pdfplumber,22,24,4335,0
2024\Weekly-Average-Prices-August-19-24-2024.pdf,2024-08-19,2024-08-24,success,pdfplumber,23,24,4371,0
2024\Weekly-Average-Prices-August-26-31-2024.pdf,2024-08-26,2024-08-31,success,ocr_table,20,23,0,0
2024\Weekly-Average-Prices-August-5-10-2024.pdf,2024-08-05,2024-08-10,success,pdfplumber,23,24,4452,0
2024\Weekly-Average-Prices-December-16-21-2024.pdf,2024-12-16,2024-12-21,success,ocr_row_aligned,27,27,0,0
2024\Weekly-Average-Prices-December-2-7-2024.pdf,2024-12-02,2024-12-07,success,ocr_row_aligned,25,26,0,0
2024\Weekly-Average-Prices-December-23-28-2024.pdf,2024-12-23,2024-12-28,success,ocr_row_aligned,16,18,0,0
2024\Weekly-Average-Prices-December-9-14-2024.pdf,2024-12-09,2024-12-14,success,ocr_row_aligned,24,26,0,0
2024\Weekly-Average-Prices-February-12-16-2024.pdf,2024-02-12,2024-02-16,success,ocr_row_aligned,23,23,0,0
2024\Weekly-Average-Prices-February-19-23-2024.pdf,2024-02-19,2024-02-23,success,ocr_table,19,19,0,0
2024\Weekly-Average-Prices-February-26-March-1-2024.pdf,2024-02-26,2024-03-01,success,pdfplumber,24,24,2795,0
2024\Weekly-Average-Prices-February-5-9-2024.pdf,2024-02-05,2024-02-09,success,pdfplumber,24,24,2658,0
2024\Weekly-Average-Prices-January-1-5-2024.pdf,2024-01-01,2024-01-05,success,pdfplumber,22,24,2655,0
2024\Weekly-Average-Prices-January-15-19-2024.pdf,2024-01-15,2024-01-19,success,pdfplumber,24,24,2660,0
2024\Weekly-Average-Prices-January-22-26-2024.pdf,2024-01-22,2024-01-26,success,pdfplumber,24,24,2655,0
2024\Weekly-Average-Prices-January-29-February-2-2024.pdf,2024-01-29,2024-02-02,success,pdfplumber,24,24,2669,0
2024\Weekly-Average-Prices-January-8-12-2024.pdf,2024-01-08,2024-01-12,success,pdfplumber,24,24,2658,0
2024\Weekly-Average-Prices-July-1-6-2024.pdf,2024-07-01,2024-07-06,success,pdfplumber,22,24,4319,0
2024\Weekly-Average-Prices-July-15-20-2024.pdf,2024-07-15,2024-07-20,success,pdfplumber,22,24,4276,0
2024\Weekly-Average-Prices-July-22-27-2024.pdf,2024-07-22,2024-07-27,success,pdfplumber,25,24,4503,0
2024\Weekly-Average-Prices-July-29-August-3-2024.pdf,2024-07-29,2024-08-03,success,pdfplumber,24,24,4408,0
2024\Weekly-Average-Prices-July-8-13-2024.pdf,2024-07-08,2024-07-13,success,pdfplumber,22,24,4320,0
2024\Weekly-Average-Prices-June-10-15-2024.pdf,2024-06-10,2024-06-15,success,pdfplumber,22,24,4138,0
2024\Weekly-Average-Prices-June-17-22-2024.pdf,2024-06-17,2024-06-22,success,pdfplumber,22,24,4139,0
2024\Weekly-Average-Prices-June-24-29-2024.pdf,2024-06-24,2024-06-29,success,pdfplumber,22,24,4139,0
2024\Weekly-Average-Prices-March-11-15-2024.pdf,2024-03-11,2024-03-15,success,ocr_table,14,18,0,0
2024\Weekly-Average-Prices-March-18-22-2024.pdf,2024-03-18,2024-03-22,success,ocr_row_aligned,24,24,0,0
2024\Weekly-Average-Prices-March-25-27-2024.pdf,2024-03-25,2024-03-27,success,ocr_row_aligned,23,23,0,0
2024\Weekly-Average-Prices-March-4-8-2024.pdf,2024-03-04,2024-03-08,success,pdfplumber,24,24,3068,0
2024\Weekly-Average-Prices-May-13-18-2024.pdf,2024-05-13,2024-05-18,success,pdfplumber,22,24,4137,0
2024\Weekly-Average-Prices-May-20-25-2024.pdf,2024-05-20,2024-05-25,success,pdfplumber,22,24,4137,0
2024\Weekly-Average-Prices-May-6-11-2024.pdf,2024-05-06,2024-05-11,success,pdfplumber,23,24,4139,0
2024\Weekly-Average-Prices-November-11-16-2024.pdf,2024-11-11,2024-11-16,success,ocr_row_aligned,23,24,0,0
2024\Weekly-Average-Prices-November-18-23-2024.pdf,2024-11-18,2024-11-23,success,pdfplumber,26,27,4686,0
2024\Weekly-Average-Prices-November-25-30-2024.pdf,2024-11-25,2024-11-30,success,ocr_row_aligned,22,23,0,0
2024\Weekly-Average-Prices-November-4-9-2024.pdf,2024-11-04,2024-11-09,success,pdfplumber,23,24,4359,0
2024\Weekly-Average-Prices-October-14-19-2024.pdf,2024-10-14,2024-10-19,success,ocr_row_aligned,23,24,0,0
2024\Weekly-Average-Prices-October-21-26-2024.pdf,2024-10-21,2024-10-26,success,ocr_row_aligned,23,24,0,0
2024\Weekly-Average-Prices-October-28-November-2-2024.pdf,2024-10-28,2024-11-02,success,ocr_row_aligned,23,24,0,0
2024\Weekly-Average-Prices-October-7-12-2024.pdf,2024-10-07,2024-10-12,success,ocr_row_aligned,22,23,0,0
2024\Weekly-Average-Prices-September-16-21-2024.pdf,2024-09-16,2024-09-21,success,ocr_row_aligned,23,24,0,0
2024\Weekly-Average-Prices-September-2-7-2024.pdf,2024-09-02,2024-09-07,success,ocr_row_aligned,23,24,0,0
2024\Weekly-Average-Prices-September-23-28-2024.pdf,2024-09-23,2024-09-28,success,ocr_row_aligned,23,24,0,0
2024\Weekly-Average-Prices-September-30-October-5-2024.pdf,2024-09-30,2024-10-05,success,ocr_row_aligned,22,24,0,0
2024\Weekly-Average-Prices-September-9-14-2024.pdf,2024-09-09,2024-09-14,success,ocr_row_aligned,21,23,0,0
2025\Weekly-Average-Prices-April-14-16-2025.pdf,2025-04-14,2025-04-16,success,ocr_row_aligned,10,15,0,0
2025\Weekly-Average-Prices-April-21-26-2025.pdf,2025-04-21,2025-04-26,success,ocr_row_aligned,10,15,0,0
2025\Weekly-Average-Prices-April-28-May-3-2025.pdf,2025-04-28,2025-05-03,success,pdfplumber_partial,26,27,4760,1
2025\Weekly-Average-Prices-April-7-12-2025.pdf,2025-04-07,2025-04-12,success,ocr_row_aligned,5,12,0,0
2025\Weekly-Average-Prices-August-11-16-2025.pdf,2025-08-11,2025-08-16,success,ocr_row_aligned,10,18,0,0
2025\Weekly-Average-Prices-August-18-23-2025.pdf,2025-08-18,2025-08-23,success,ocr_row_aligned,7,20,0,0
2025\Weekly-Average-Prices-August-25-30-2025.pdf,2025-08-25,2025-08-30,success,ocr_row_aligned,8,18,0,0
2025\Weekly-Average-Prices-August-4-9-2025.pdf,2025-08-04,2025-08-09,success,ocr_row_aligned,8,13,0,0
2025\Weekly-Average-Prices-December-1-6-2025.pdf,2025-12-01,2025-12-06,success,ocr_row_aligned,1,10,0,0
2025\Weekly-Average-Prices-December-15-20-2025.pdf,2025-12-15,2025-12-20,success,ocr_row_aligned,10,19,0,0
2025\Weekly-Average-Prices-December-22-27-2025.pdf,2025-12-22,2025-12-27,success,ocr_row_aligned,1,11,0,0
2025\Weekly-Average-Prices-December-30-2024-January-4-2025.pdf,2024-12-30,2025-01-04,success,ocr_row_aligned,23,25,0,0
2025\Weekly-Average-Prices-December-8-13-2025.pdf,2025-12-08,2025-12-13,success,pdfplumber,26,27,4762,0
2025\Weekly-Average-Prices-February-10-15-2025.pdf,2025-02-10,2025-02-15,no_records,ocr_row_aligned,0,12,0,0
2025\Weekly-Average-Prices-February-17-22-2025.pdf,2025-02-17,2025-02-22,no_records,ocr_row_aligned,0,10,0,0
2025\Weekly-Average-Prices-February-24-March-1-2025.pdf,2025-02-24,2025-03-01,no_records,ocr_row_aligned,0,11,0,0
2025\Weekly-Average-Prices-February-3-8-2025.pdf,2025-02-03,2025-02-08,success,ocr_row_aligned,8,12,0,0
2025\Weekly-Average-Prices-January-13-18-2025.pdf,2025-01-13,2025-01-18,success,ocr_row_aligned,5,14,0,0
2025\Weekly-Average-Prices-January-20-25-2025.pdf,2025-01-20,2025-01-25,success,ocr_row_aligned,5,13,0,0
2025\Weekly-Average-Prices-January-27-February-1-2025.pdf,2025-01-27,2025-02-01,no_records,ocr_row_aligned,0,16,0,0
2025\Weekly-Average-Prices-January-6-11-2025.pdf,2025-01-06,2025-01-11,success,ocr_row_aligned,15,17,0,0
2025\Weekly-Average-Prices-July-14-19-2025.pdf,2025-07-14,2025-07-19,success,ocr_row_aligned,10,14,0,0
2025\Weekly-Average-Prices-July-21-26-2025.pdf,2025-07-21,2025-07-26,success,ocr_row_aligned,11,19,0,0
2025\Weekly-Average-Prices-July-28-August-2-2025.pdf,2025-07-28,2025-08-02,success,ocr_row_aligned,10,17,0,0
2025\Weekly-Average-Prices-July-7-12-2025.pdf,2025-07-07,2025-07-12,success,ocr_row_aligned,12,18,0,0
2025\Weekly-Average-Prices-June-16-21-2025.pdf,2025-06-16,2025-06-21,success,ocr_row_aligned,10,16,0,0
2025\Weekly-Average-Prices-June-2-7-2025.pdf,2025-06-02,2025-06-07,success,ocr_row_aligned,8,20,0,0
2025\Weekly-Average-Prices-June-23-28-2025.pdf,2025-06-23,2025-06-28,success,ocr_row_aligned,10,16,0,0
2025\Weekly-Average-Prices-June-30-July-5-2025.pdf,2025-06-30,2025-07-05,success,ocr_row_aligned,12,16,0,0
2025\Weekly-Average-Prices-June-9-14-2025.pdf,2025-06-09,2025-06-14,success,pdfplumber_partial,26,27,4881,1
2025\Weekly-Average-Prices-March-10-15-2025.pdf,2025-03-10,2025-03-15,no_records,ocr_row_aligned,0,10,0,0
2025\Weekly-Average-Prices-March-17-22-2025.pdf,2025-03-17,2025-03-22,no_records,ocr_row_aligned,0,12,0,0
2025\Weekly-Average-Prices-March-24-29-2025.pdf,2025-03-24,2025-03-29,success,ocr_row_aligned,5,12,0,0
2025\Weekly-Average-Prices-March-3-8-2025.pdf,2025-03-03,2025-03-08,no_records,ocr_row_aligned,0,10,0,0
2025\Weekly-Average-Prices-March-31-April-5-2025.pdf,2025-03-31,2025-04-05,success,ocr_row_aligned,3,9,0,0
2025\Weekly-Average-Prices-May-12-17-2025.pdf,2025-05-12,2025-05-17,success,ocr_row_aligned,7,17,0,0
2025\Weekly-Average-Prices-May-19-24-2025.pdf,2025-05-19,2025-05-24,success,ocr_row_aligned,6,18,0,0
2025\Weekly-Average-Prices-May-26-31-2025.pdf,2025-05-26,2025-05-31,success,ocr_row_aligned,7,17,0,0
2025\Weekly-Average-Prices-May-5-10-2025.pdf,2025-05-05,2025-05-10,success,ocr_row_aligned,7,13,0,0
2025\Weekly-Average-Prices-November-10-15-2025.pdf,2025-11-10,2025-11-15,success,ocr_row_aligned,8,14,0,0
2025\Weekly-Average-Prices-November-17-22-2025.pdf,2025-11-17,2025-11-22,success,ocr_row_aligned,2,16,0,0
2025\Weekly-Average-Prices-November-24-29-2025.pdf,2025-11-24,2025-11-29,no_records,ocr_row_aligned,0,13,0,0
2025\Weekly-Average-Prices-November-3-8-2025.pdf,2025-11-03,2025-11-08,success,pdfplumber,27,27,4757,0
2025\Weekly-Average-Prices-October-13-18-2025.pdf,2025-10-13,2025-10-18,success,pdfplumber,27,27,4675,0
2025\Weekly-Average-Prices-October-20-25-2025.pdf,2025-10-20,2025-10-25,success,ocr_row_aligned,7,15,0,0
2025\Weekly-Average-Prices-October-27-November-1-2025.pdf,2025-10-27,2025-11-01,success,pdfplumber,26,27,4678,0
2025\Weekly-Average-Prices-October-6-11-2025.pdf,2025-10-06,2025-10-11,success,ocr_row_aligned,10,17,0,0
2025\Weekly-Average-Prices-September-1-6-2025.pdf,2025-09-01,2025-09-06,success,ocr_row_aligned,9,17,0,0
2025\Weekly-Average-Prices-September-15-20-2025.pdf,2025-09-15,2025-09-20,success,pdfplumber_partial,26,27,4930,1
2025\Weekly-Average-Prices-September-22-27-2025.pdf,2025-09-22,2025-09-27,success,pdfplumber_partial,25,27,4918,1
2025\Weekly-Average-Prices-September-29-October-4-2025.pdf,2025-09-29,2025-10-04,success,ocr_row_aligned,4,14,0,0
2025\Weekly-Average-Prices-September-8-13-2025.pdf,2025-09-08,2025-09-13,success,ocr_row_aligned,6,13,0,0
2026\Weekly-Average-Price-January-26-31-2026.pdf,2026-01-26,2026-01-31,no_records,ocr_row_aligned,0,10,0,0
2026\Weekly-Average-Prices-April-13-18-2026.pdf,2026-04-13,2026-04-18,no_records,ocr_row_aligned,0,9,0,0
2026\Weekly-Average-Prices-April-20-25-2026.pdf,2026-04-20,2026-04-25,success,pdfplumber,27,27,5260,0
2026\Weekly-Average-Prices-April-27-May-2-2026.pdf,2026-04-27,2026-05-02,success,pdfplumber,27,27,5261,0
2026\Weekly-Average-Prices-April-6-11-2026.pdf,2026-04-06,2026-04-11,success,ocr_row_aligned,1,11,0,0
2026\Weekly-Average-Prices-August-10-16-2026.pdf,2026-08-10,2026-08-16,success,pdfplumber,27,27,5395,0
2026\Weekly-Average-Prices-August-17-23-2026.pdf,2026-08-17,2026-08-23,success,pdfplumber,27,27,5794,0
2026\Weekly-Average-Prices-August-24-30-2026.pdf,2026-08-24,2026-08-30,success,pdfplumber,26,27,5409,0
2026\Weekly-Average-Prices-August-3-9-2026.pdf,2026-08-03,2026-08-09,success,pdfplumber,27,27,5393,0
2026\Weekly-Average-Prices-December-29-2025-January-3-2026.pdf,2025-12-29,2026-01-03,success,ocr_row_aligned,3,13,0,0
2026\Weekly-Average-Prices-February-16-21-2026.pdf,2026-02-16,2026-02-21,no_records,ocr_row_aligned,0,11,0,0
2026\Weekly-Average-Prices-February-2-7-2026.pdf,2026-02-02,2026-02-07,success,ocr_row_aligned,1,6,0,0
2026\Weekly-Average-Prices-February-23-28-2026.pdf,2026-02-23,2026-02-28,success,ocr_row_aligned,5,9,0,0
2026\Weekly-Average-Prices-February-9-14-2026.pdf,2026-02-09,2026-02-14,success,ocr_row_aligned,1,4,0,0
2026\Weekly-Average-Prices-January-12-17-2026.pdf,2026-01-12,2026-01-17,success,pdfplumber,26,27,5267,0
2026\Weekly-Average-Prices-January-19-24-2026.pdf,2026-01-19,2026-01-24,success,pdfplumber,26,27,5264,0
2026\Weekly-Average-Prices-January-5-10-2026.pdf,2026-01-05,2026-01-10,success,ocr_row_aligned,2,10,0,0
2026\Weekly-Average-Prices-July-13-19-2026.pdf,2026-07-13,2026-07-19,success,pdfplumber,27,27,5398,0
2026\Weekly-Average-Prices-July-20-26-2026.pdf,2026-07-20,2026-07-26,success,pdfplumber,27,27,5398,0
2026\Weekly-Average-Prices-July-27-August-2-2026.pdf,2026-07-27,2026-08-02,success,pdfplumber,27,27,5401,0
2026\Weekly-Average-Prices-July-6-12-2026.pdf,2026-07-06,2026-07-12,success,pdfplumber,27,27,5392,0
2026\Weekly-Average-Prices-June-1-6-2026.pdf,2026-06-01,2026-06-06,success,pdfplumber,27,27,5257,0
2026\Weekly-Average-Prices-June-15-20-2026.pdf,2026-06-15,2026-06-20,success,pdfplumber,26,27,5255,0
2026\Weekly-Average-Prices-June-22-27-2026.pdf,2026-06-22,2026-06-27,success,pdfplumber,26,27,5393,0
2026\Weekly-Average-Prices-June-29-July-5-2026.pdf,2026-06-29,2026-07-05,success,pdfplumber,27,27,5405,0
2026\Weekly-Average-Prices-June-8-13-2026.pdf,2026-06-08,2026-06-13,success,pdfplumber,27,27,5258,0
2026\Weekly-Average-Prices-March-16-21-2026.pdf,2026-03-16,2026-03-21,success,ocr_row_aligned,1,9,0,0
2026\Weekly-Average-Prices-March-2-7-2026.pdf,2026-03-02,2026-03-07,no_records,ocr_row_aligned,0,12,0,0
2026\Weekly-Average-Prices-March-23-28-2026.pdf,2026-03-23,2026-03-28,success,ocr_row_aligned,1,8,0,0
2026\Weekly-Average-Prices-March-30-April-4-2026.pdf,2026-03-30,2026-04-04,no_records,ocr_row_aligned,0,12,0,0
2026\Weekly-Average-Prices-March-9-14-2026.pdf,2026-03-09,2026-03-14,success,ocr_row_aligned,2,11,0,0
2026\Weekly-Average-Prices-May-11-16-2026.pdf,2026-05-11,2026-05-16,success,pdfplumber,27,27,5254,0
2026\Weekly-Average-Prices-May-18-23-2026.pdf,2026-05-18,2026-05-23,success,pdfplumber,27,27,5254,0
2026\Weekly-Average-Prices-May-25-30-2026.pdf,2026-05-25,2026-05-30,success,pdfplumber,27,27,5255,0
2026\Weekly-Average-Prices-May-4-9-2026.pdf,2026-05-04,2026-05-09,success,pdfplumber,27,27,5275,0
